TECH_KEY;AUDIT_NUMBER;RTV_NUMBER;PRD_LVL_CHILD;CARRIER_NAME;RTV_MANIFEST_ID;RTV_CARTON_ID;PRD_LVL_NUMBER;DATE_CREATED;VENDOR_NUMBER;VPC_SHP_POINT;RTV_TYPE_ID;ACTION_CODE;RTV_SHIP_LOC;QUANTITY;RTV_UNIT_COST;INV_TYPE_CODE;RTV_AUTH_NUMBER;RTV_TRAN_DATE;DOWNLOAD_DATE_1;DOWNLOAD_DATE_2;RTV_DTL_NOTES;PRD_UPC;REQUESTED_BY;VPC_PRD_TECH_KEY;VPC_CASE_PACK_ID;INNER_PACK_ID;RTV_QTY_UOM;RTV_WEIGHT;RTV_WEIGHT_UOM;RTV_ENTRY_METHOD_DESC;RTV_DTL_TECH_KEY;RTV_PRIOR_ID;JI_DOWNLOAD_DATE
8097493;405149602;401;0;Transportista;;;;20221030;76811980;;1;05;49;;;;;20201030;;20221030;452177;;Juser;;;;;;;;;;
8097494;405149603;403;0;Transportista;;;;20221030;76811980;;1;05;49;;;;;20201030;;20221030;452179;;Juser;;;;;;;;;;
8097495;405149604;463;0;Transportista;;;;20221030;76811980;;1;05;49;;;;;20201030;;20221030;620014;;Juser;;;;;;;;;;
8097496;405149605;405;0;Transportista;;;;20221030;96555510;;1;05;49;;;;;20201030;;20221030;453469;;Juser;;;;;;;;;;
8097497;405149606;402;0;Transportista;;;;20221030;76811980;;1;05;49;;;;;20201030;;20221030;452178;;Juser;;;;;;;;;;
8097498;405149607;404;0;Transportista;;;;20221030;96555510;;1;05;49;;;;;20201030;;20221030;453468;;Juser;;;;;;;;;;
